,text,labels
0,A 63 - year - old woman with no known cardiac history presented with a sudden onset of dyspnea requiring intubation and ventilatory support out of hospital .,O O B-Age Age I-Age Age I-Age Age I-Age Age I-Age Age B-Sex Sex O O B-History History I-History History I-History History I-History History B-Clinical_event Clinical_event O O O O B-Detailed_description Detailed_description I-Detailed_description Detailed_description O O B-Sign_symptom Sign_symptom O O B-Therapeutic_procedure Therapeutic_procedure O O B-Therapeutic_procedure Therapeutic_procedure I-Therapeutic_procedure Therapeutic_procedure B-Nonbiological_location Nonbiological_location I-Nonbiological_location Nonbiological_location I-Nonbiological_location Nonbiological_location O
1,"She denied preceding symptoms of chest discomfort , palpitations , syncope or infection .",O O O O O O O O O O O B-Biological_structure Biological_structure B-Sign_symptom Sign_symptom O O B-Sign_symptom Sign_symptom O O B-Sign_symptom Sign_symptom O O B-Disease_disorder Disease_disorder O
2,"The patient was afebrile and normotensive , with a sinus tachycardia of 140 beats / min. .",O O O O O O O B-Sign_symptom Sign_symptom O O B-Sign_symptom Sign_symptom O O O O O O B-Detailed_description Detailed_description B-Sign_symptom Sign_symptom O O B-Lab_value Lab_value I-Lab_value Lab_value I-Lab_value Lab_value I-Lab_value Lab_value O
3,"The cardiorespiratory examination was remarkable for an elevated jugular venous pressure at the angle of the jaw , a left - sided third heart sound and bibasilar crackles in both lung fields .",O O O B-Diagnostic_procedure Diagnostic_procedure I-Diagnostic_procedure Diagnostic_procedure O O O O O O O O B-Lab_value Lab_value B-Diagnostic_procedure Diagnostic_procedure I-Diagnostic_procedure Diagnostic_procedure I-Diagnostic_procedure Diagnostic_procedure O O O O B-Biological_structure Biological_structure I-Biological_structure Biological_structure I-Biological_structure Biological_structure I-Biological_structure Biological_structure O O O O B-Detailed_description Detailed_description I-Detailed_description Detailed_description I-Detailed_description Detailed_description B-Sign_symptom Sign_symptom I-Sign_symptom Sign_symptom I-Sign_symptom Sign_symptom O O B-Detailed_description Detailed_description B-Sign_symptom Sign_symptom O O B-Biological_structure Biological_structure I-Biological_structure Biological_structure O O O
4,"The complete blood cell count , electrolytes and cardiac biomarkers were within normal limits .",O O O B-Diagnostic_procedure Diagnostic_procedure I-Diagnostic_procedure Diagnostic_procedure I-Diagnostic_procedure Diagnostic_procedure I-Diagnostic_procedure Diagnostic_procedure O O B-Diagnostic_procedure Diagnostic_procedure O O B-Diagnostic_procedure Diagnostic_procedure I-Diagnostic_procedure Diagnostic_procedure O O B-Lab_value Lab_value I-Lab_value Lab_value I-Lab_value Lab_value O
5,"An initial electrocardiogram revealed ST depression in leads V2 to V6 , suggestive of anterolateral ischemia ( Figure 1 ) .",O O O O O B-Diagnostic_procedure Diagnostic_procedure O O B-Sign_symptom Sign_symptom I-Sign_symptom Sign_symptom O O B-Diagnostic_procedure Diagnostic_procedure I-Diagnostic_procedure Diagnostic_procedure I-Diagnostic_procedure Diagnostic_procedure I-Diagnostic_procedure Diagnostic_procedure O O O O O O B-Disease_disorder Disease_disorder I-Disease_disorder Disease_disorder O O O O O O O O O
6,A chest radiograph demonstrated pulmonary vascular congestion consistent with a diagnosis of pulmonary edema ( Figure 2 ) .,O O O B-Biological_structure Biological_structure B-Diagnostic_procedure Diagnostic_procedure O O B-Biological_structure Biological_structure B-Sign_symptom Sign_symptom I-Sign_symptom Sign_symptom O O O O O O O O O O B-Disease_disorder Disease_disorder I-Disease_disorder Disease_disorder O O O O O O O O O
7,"An echocardiographic examination revealed normal cardiac dimensions , normal wall motion and mild diastolic dysfunction with an early diastolic to late diastolic transmitral ratio of less than 1 , prolonged deceleration time ( 250 ms ) and a reduced early diastolic annular velocity of the lateral mitral valve annulus .",O O O B-Diagnostic_procedure Diagnostic_procedure I-Diagnostic_procedure Diagnostic_procedure O O B-Lab_value Lab_value B-Diagnostic_procedure Diagnostic_procedure I-Diagnostic_procedure Diagnostic_procedure O O B-Lab_value Lab_value B-Diagnostic_procedure Diagnostic_procedure I-Diagnostic_procedure Diagnostic_procedure O O B-Severity Severity B-Disease_disorder Disease_disorder I-Disease_disorder Disease_disorder O O O O B-Diagnostic_procedure Diagnostic_procedure I-Diagnostic_procedure Diagnostic_procedure I-Diagnostic_procedure Diagnostic_procedure I-Diagnostic_procedure Diagnostic_procedure I-Diagnostic_procedure Diagnostic_procedure I-Diagnostic_procedure Diagnostic_procedure I-Diagnostic_procedure Diagnostic_procedure O O B-Lab_value Lab_value I-Lab_value Lab_value I-Lab_value Lab_value O O B-Lab_value Lab_value B-Diagnostic_procedure Diagnostic_procedure I-Diagnostic_procedure Diagnostic_procedure O O B-Lab_value Lab_value I-Lab_value Lab_value O O O O O O B-Lab_value Lab_value B-Diagnostic_procedure Diagnostic_procedure I-Diagnostic_procedure Diagnostic_procedure I-Diagnostic_procedure Diagnostic_procedure I-Diagnostic_procedure Diagnostic_procedure O O O O B-Biological_structure Biological_structure I-Biological_structure Biological_structure I-Biological_structure Biological_structure I-Biological_structure Biological_structure O
8,"Following aggressive diuresis and requiring minimal ventilatory support , the patient was extubated one day following her initial presentation .",O O O B-Lab_value Lab_value B-Sign_symptom Sign_symptom O O O O B-Lab_value Lab_value B-Therapeutic_procedure Therapeutic_procedure I-Therapeutic_procedure Therapeutic_procedure O O O O O O O O B-Therapeutic_procedure Therapeutic_procedure B-Date Date I-Date Date I-Date Date O O O O O O O
9,"Within 1 h of extubation , the patient developed recurrent pulmonary edema clinically and radiographically , requiring mechanical ventilation .",O B-Time Time I-Time Time I-Time Time O O B-Coreference Coreference O O O O O O O O B-Detailed_description Detailed_description B-Disease_disorder Disease_disorder I-Disease_disorder Disease_disorder O O O O B-Diagnostic_procedure Diagnostic_procedure O O O O B-Therapeutic_procedure Therapeutic_procedure I-Therapeutic_procedure Therapeutic_procedure O
10,Cardiac catheterization was performed and revealed normal coronary arteries .,O B-Diagnostic_procedure Diagnostic_procedure I-Diagnostic_procedure Diagnostic_procedure O O O O O O O O B-Lab_value Lab_value B-Biological_structure Biological_structure I-Biological_structure Biological_structure O
11,"On day 4 of the coronary care unit admission , the patient failed a repeat attempt at extubation .",O B-Date Date I-Date Date I-Date Date O O O O B-Nonbiological_location Nonbiological_location I-Nonbiological_location Nonbiological_location I-Nonbiological_location Nonbiological_location B-Clinical_event Clinical_event O O O O O O B-Clinical_event Clinical_event O O O O O O O O B-Therapeutic_procedure Therapeutic_procedure O
12,A computed tomographic scan revealed a 4 cm × 9 cm multinodular goiter extending into the mediastinum and suspected associated tracheal stenosis ( Figure 3 ) .,O O O B-Diagnostic_procedure Diagnostic_procedure I-Diagnostic_procedure Diagnostic_procedure O O O O O O B-Area Area I-Area Area I-Area Area I-Area Area I-Area Area B-Detailed_description Detailed_description B-Disease_disorder Disease_disorder O O O O O O B-Biological_structure Biological_structure O O O O O O B-Biological_structure Biological_structure B-Sign_symptom Sign_symptom O O O O O O O O O
13,"With a diagnosis of NPPE secondary to an enlarged goiter , the patient underwent surgical intervention for a thyroidectomy .",O O O O O O O O O B-Disease_disorder Disease_disorder O O O O O O B-Severity Severity B-Disease_disorder Disease_disorder O O O O O O O O B-Therapeutic_procedure Therapeutic_procedure I-Therapeutic_procedure Therapeutic_procedure O O O O B-Therapeutic_procedure Therapeutic_procedure O
14,Intraoperative bronchoscopy revealed tracheal stenosis of greater than 50 % .,O B-Detailed_description Detailed_description B-Diagnostic_procedure Diagnostic_procedure O O B-Biological_structure Biological_structure B-Sign_symptom Sign_symptom O O B-Lab_value Lab_value I-Lab_value Lab_value I-Lab_value Lab_value I-Lab_value Lab_value O
15,"The postoperative course was uncomplicated , and three months following discharge , the patient returned to her previous activity level without subjective dyspnea .",O O O B-Diagnostic_procedure Diagnostic_procedure I-Diagnostic_procedure Diagnostic_procedure O O B-Lab_value Lab_value O O O O B-Date Date I-Date Date I-Date Date B-Clinical_event Clinical_event O O O O O O B-Outcome Outcome O O O O B-Detailed_description Detailed_description I-Detailed_description Detailed_description I-Detailed_description Detailed_description O O O O B-Sign_symptom Sign_symptom O
16,"A 19 - year - old man presented at the emergency department , 12 h after insertion of a high pressure container with tanning spray into his rectum .",O O O B-Age Age I-Age Age I-Age Age I-Age Age I-Age Age B-Sex Sex B-Clinical_event Clinical_event O O O O B-Nonbiological_location Nonbiological_location I-Nonbiological_location Nonbiological_location O O B-Time Time I-Time Time I-Time Time B-Activity Activity O O O O B-Detailed_description Detailed_description I-Detailed_description Detailed_description I-Detailed_description Detailed_description O O O O O O O O O O B-Biological_structure Biological_structure O
17,A plain abdominal radiograph ( Figure 1 ) showed the container in the rectosigmoid region .,O O O B-Detailed_description Detailed_description B-Biological_structure Biological_structure B-Diagnostic_procedure Diagnostic_procedure O O O O O O O O O O O O B-Sign_symptom Sign_symptom O O O O B-Biological_structure Biological_structure I-Biological_structure Biological_structure O
18,There were no signs of perforation .,O O O O O O O O O O O B-Disease_disorder Disease_disorder O
19,A flexible sigmoidoscopy was performed under conscious sedation .,O O O B-Detailed_description Detailed_description B-Diagnostic_procedure Diagnostic_procedure O O O O O O B-Medication Medication I-Medication Medication O
20,The object was located just above the rectosigmoid junction .,O O O B-Sign_symptom Sign_symptom O O O O O O B-Biological_structure Biological_structure I-Biological_structure Biological_structure I-Biological_structure Biological_structure I-Biological_structure Biological_structure O
21,The container could not be extracted by bimanual manipulation .,O O O B-Coreference Coreference O O O O O O B-Therapeutic_procedure Therapeutic_procedure O O B-Therapeutic_procedure Therapeutic_procedure I-Therapeutic_procedure Therapeutic_procedure O
22,"An attempt to remove the object with conventional endoscopic instruments , such as polypectomy snares , was unsuccessful .",O O O O O O O B-Therapeutic_procedure Therapeutic_procedure O O B-Coreference Coreference O O B-Detailed_description Detailed_description I-Detailed_description Detailed_description I-Detailed_description Detailed_description O O O O O O B-Detailed_description Detailed_description I-Detailed_description Detailed_description O O O O B-Lab_value Lab_value O
23,The sigmoidoscope could be passed alongside the foreign body to its proximal end .,O O O B-Diagnostic_procedure Diagnostic_procedure O O O O O O O O O O B-Coreference Coreference I-Coreference Coreference O O O O O O O O O
24,A guide wire was left behind with the sigmoidoscope removed .,O O O B-Diagnostic_procedure Diagnostic_procedure I-Diagnostic_procedure Diagnostic_procedure O O O O O O O O O O B-Diagnostic_procedure Diagnostic_procedure O O O
25,"Subsequently , a 40 mm pneumatic dilatation balloon ( Rigiflex ® , Boston Scientific ) , normally used in achalasia patients , was inserted over the guide wire and inflated just above the container ( Figure 2 ) .",O O O O O O O B-Distance Distance I-Distance Distance B-Diagnostic_procedure Diagnostic_procedure I-Diagnostic_procedure Diagnostic_procedure I-Diagnostic_procedure Diagnostic_procedure O O O O O O O O O O O O O O O O O O O O O O O O O O O O O O O O O O O O B-Diagnostic_procedure Diagnostic_procedure I-Diagnostic_procedure Diagnostic_procedure O O O O O O O O O O B-Coreference Coreference O O O O O O O O O
26,"For safety purposes , the sigmoidoscope was reintroduced alongside the catheter of the balloon to allow endoscopic visual control of the distal end of the container in the rectum .",O O O O O O O O O O O B-Diagnostic_procedure Diagnostic_procedure O O O O O O O O O O O O O O B-Coreference Coreference O O O O O O O O O O O O O O O O O O O O O O B-Coreference Coreference O O O O B-Biological_structure Biological_structure O
27,"Gentle traction was exerted on the balloon catheter , and the container was successfully removed under fluoroscopic and endoscopic control ( Figure 3 ) .",O O O O O O O O O O O O O B-Coreference Coreference O O O O O O O O B-Coreference Coreference O O B-Lab_value Lab_value B-Therapeutic_procedure Therapeutic_procedure O O B-Detailed_description Detailed_description I-Detailed_description Detailed_description I-Detailed_description Detailed_description I-Detailed_description Detailed_description O O O O O O O O O
28,"A 28 - year - old woman was referred with a 4 - week history of continuous , moderate right upper quadrant pain associated with jaundice , as well as weight loss ( 10 kg over 3 months ) and a liver mass identified by ultrasonography .",O O O B-Age Age I-Age Age I-Age Age I-Age Age I-Age Age B-Sex Sex O O B-Clinical_event Clinical_event O O O O B-Duration Duration I-Duration Duration I-Duration Duration O O O O B-Detailed_description Detailed_description O O B-Severity Severity B-Biological_structure Biological_structure I-Biological_structure Biological_structure I-Biological_structure Biological_structure B-Sign_symptom Sign_symptom O O O O B-Sign_symptom Sign_symptom O O O O O O O O B-Sign_symptom Sign_symptom I-Sign_symptom Sign_symptom O O B-Lab_value Lab_value I-Lab_value Lab_value O O B-Duration Duration I-Duration Duration O O O O O O B-Biological_structure Biological_structure B-Sign_symptom Sign_symptom O O O O B-Diagnostic_procedure Diagnostic_procedure O
29,The pain sensation seemed different from previous colicky attacks the patient had experienced before she underwent laparoscopic cholecystectomy 7 years previously .,O O O B-Coreference Coreference I-Coreference Coreference O O B-Lab_value Lab_value O O O O B-Sign_symptom Sign_symptom I-Sign_symptom Sign_symptom O O O O O O O O O O O O O O B-Detailed_description Detailed_description B-Therapeutic_procedure Therapeutic_procedure B-Date Date I-Date Date I-Date Date O
30,"On physical examination , she was obese ( body mass index 37.8 ) , with icterus noted over the conjunctivae , oral mucosa and skin .",O O O B-Diagnostic_procedure Diagnostic_procedure I-Diagnostic_procedure Diagnostic_procedure O O O O O O B-Sign_symptom Sign_symptom O O B-Diagnostic_procedure Diagnostic_procedure I-Diagnostic_procedure Diagnostic_procedure I-Diagnostic_procedure Diagnostic_procedure B-Lab_value Lab_value O O O O O O B-Sign_symptom Sign_symptom O O O O O O B-Biological_structure Biological_structure O O B-Biological_structure Biological_structure I-Biological_structure Biological_structure O O B-Biological_structure Biological_structure O
31,"Imaging modalities included computed tomography ( CT ) , positron emission tomography ( PET ) and endoscopic cholangiopancreatography ( ERCP ) ( Fig. 1 ) .",O O O O O O O B-Diagnostic_procedure Diagnostic_procedure I-Diagnostic_procedure Diagnostic_procedure O O B-Diagnostic_procedure Diagnostic_procedure O O O O B-Diagnostic_procedure Diagnostic_procedure I-Diagnostic_procedure Diagnostic_procedure I-Diagnostic_procedure Diagnostic_procedure O O B-Diagnostic_procedure Diagnostic_procedure O O O O B-Diagnostic_procedure Diagnostic_procedure I-Diagnostic_procedure Diagnostic_procedure O O B-Diagnostic_procedure Diagnostic_procedure O O O O O O O O O O O
32,The patient underwent exploratory laparotomy .,O O O O O O O B-Detailed_description Detailed_description B-Diagnostic_procedure Diagnostic_procedure O
33,"Intraoperative ultrasonography revealed a cystic lesion measuring 3.5 2.5 cm within the central portion of the liver , anterior to the porta hepatis .",O B-Detailed_description Detailed_description B-Diagnostic_procedure Diagnostic_procedure O O O O B-Detailed_description Detailed_description B-Sign_symptom Sign_symptom O O B-Area Area I-Area Area I-Area Area O O O O B-Biological_structure Biological_structure I-Biological_structure Biological_structure I-Biological_structure Biological_structure I-Biological_structure Biological_structure I-Biological_structure Biological_structure O O B-Biological_structure Biological_structure I-Biological_structure Biological_structure I-Biological_structure Biological_structure I-Biological_structure Biological_structure I-Biological_structure Biological_structure O
34,"Intraoperative cholangiography demonstrated an extensive stricture obliterating the left hepatic duct , with partial occlusion of the right hepatic duct .",O B-Detailed_description Detailed_description B-Diagnostic_procedure Diagnostic_procedure O O O O B-Severity Severity B-Sign_symptom Sign_symptom O O O O B-Biological_structure Biological_structure I-Biological_structure Biological_structure I-Biological_structure Biological_structure O O O O B-Severity Severity B-Sign_symptom Sign_symptom O O O O B-Biological_structure Biological_structure I-Biological_structure Biological_structure I-Biological_structure Biological_structure O
35,An extended left lobectomy was done en bloc with the biliary confluence .,O O O B-Detailed_description Detailed_description I-Detailed_description Detailed_description B-Therapeutic_procedure Therapeutic_procedure O O O O B-Detailed_description Detailed_description I-Detailed_description Detailed_description I-Detailed_description Detailed_description I-Detailed_description Detailed_description I-Detailed_description Detailed_description I-Detailed_description Detailed_description O
36,"On frozen - section examination , all margins of the excised specimen were free of malignant cells .",O O O B-Diagnostic_procedure Diagnostic_procedure I-Diagnostic_procedure Diagnostic_procedure I-Diagnostic_procedure Diagnostic_procedure I-Diagnostic_procedure Diagnostic_procedure O O O O B-Diagnostic_procedure Diagnostic_procedure I-Diagnostic_procedure Diagnostic_procedure I-Diagnostic_procedure Diagnostic_procedure I-Diagnostic_procedure Diagnostic_procedure I-Diagnostic_procedure Diagnostic_procedure O O B-Lab_value Lab_value I-Lab_value Lab_value I-Lab_value Lab_value I-Lab_value Lab_value O
37,Reconstruction was performed with a Roux - en - Y cholangiojejunostomy to 3 second bile duct radicals in the right side .,O B-Therapeutic_procedure Therapeutic_procedure O O O O O O O O B-Detailed_description Detailed_description I-Detailed_description Detailed_description I-Detailed_description Detailed_description I-Detailed_description Detailed_description I-Detailed_description Detailed_description B-Therapeutic_procedure Therapeutic_procedure O O B-Biological_structure Biological_structure I-Biological_structure Biological_structure I-Biological_structure Biological_structure I-Biological_structure Biological_structure I-Biological_structure Biological_structure O O O O B-Detailed_description Detailed_description I-Detailed_description Detailed_description O
38,"Intraoperatively , radiotherapy was applied to the surgical margins .",O O O O O B-Therapeutic_procedure Therapeutic_procedure O O O O O O O O B-Biological_structure Biological_structure I-Biological_structure Biological_structure O
39,"After this , the patient underwent 6 weeks of image - guided external beam radiation centred on the resection field labelled at surgery .",O O O O O O O O O O O O O B-Duration Duration I-Duration Duration O O B-Detailed_description Detailed_description I-Detailed_description Detailed_description I-Detailed_description Detailed_description I-Detailed_description Detailed_description I-Detailed_description Detailed_description B-Therapeutic_procedure Therapeutic_procedure O O O O O O B-Biological_structure Biological_structure I-Biological_structure Biological_structure O O O O O O O
40,"The final pathology described this tumour as an infiltrating , moderately differentiated squamous cell carcinoma associated with severe dysplasia of the bile - duct epithelium ( Fig. 2 ) .",O O O O O O O O O O O O O O O O O B-Detailed_description Detailed_description O O B-Lab_value Lab_value B-Detailed_description Detailed_description B-Disease_disorder Disease_disorder I-Disease_disorder Disease_disorder I-Disease_disorder Disease_disorder O O O O B-Severity Severity B-Disease_disorder Disease_disorder O O O O B-Biological_structure Biological_structure I-Biological_structure Biological_structure I-Biological_structure Biological_structure I-Biological_structure Biological_structure O O O O O O O O O
41,"The patient recovered without complications and was doing well 18 months after the initial surgical procedure , with an unremarkable CT scan .",O O O O O B-Sign_symptom Sign_symptom O O B-Sign_symptom Sign_symptom O O O O B-Sign_symptom Sign_symptom I-Sign_symptom Sign_symptom B-Date Date I-Date Date I-Date Date O O O O O O O O O O O O O O B-Lab_value Lab_value B-Diagnostic_procedure Diagnostic_procedure I-Diagnostic_procedure Diagnostic_procedure O
42,An 18 - year - old male was diagnosed with attention - deficit hyperactivity disorder ( ADHD ) in 2005 .,O O O B-Age Age I-Age Age I-Age Age I-Age Age I-Age Age B-Sex Sex O O O O O O B-Disease_disorder Disease_disorder I-Disease_disorder Disease_disorder I-Disease_disorder Disease_disorder I-Disease_disorder Disease_disorder I-Disease_disorder Disease_disorder O O B-Disease_disorder Disease_disorder O O O O B-Date Date O
43,He was overweight with a body mass index ( BMI ) of 40 .,O O O O O B-History History O O O O B-Diagnostic_procedure Diagnostic_procedure I-Diagnostic_procedure Diagnostic_procedure I-Diagnostic_procedure Diagnostic_procedure O O B-Diagnostic_procedure Diagnostic_procedure O O O O B-Lab_value Lab_value O
44,He was started on quetiapine fumarate ( Seroquel ® ) 900 mg daily in April 2005 and methylphenidate ( Concerta ® ) 54 mg daily in September 2005 .,O O O O O O O O O B-Medication Medication I-Medication Medication I-Medication Medication I-Medication Medication I-Medication Medication I-Medication Medication B-Dosage Dosage I-Dosage Dosage I-Dosage Dosage O O B-Date Date I-Date Date O O B-Medication Medication I-Medication Medication I-Medication Medication I-Medication Medication I-Medication Medication B-Dosage Dosage I-Dosage Dosage I-Dosage Dosage O O B-Date Date I-Date Date O
45,"In the beginning of August 2006 he was admitted to his local hospital with severe dyspnoea , tachypnea , tachycardia , and cyanosis .",O O O O O B-Date Date I-Date Date I-Date Date I-Date Date O O O O B-Clinical_event Clinical_event O O O O B-Nonbiological_location Nonbiological_location I-Nonbiological_location Nonbiological_location O O B-Severity Severity B-Sign_symptom Sign_symptom O O B-Sign_symptom Sign_symptom O O B-Sign_symptom Sign_symptom O O O O B-Sign_symptom Sign_symptom O
46,"On admission the blood pressure was 120/80 mmHg , and the arterial blood gas revealed a pH of 7.45 , pCO2 of 3.55 kPa , paO2 of 7.76 kPa , and BE of −5.1 mmol / l. C - reactive protein was not elevated .",O O O B-Clinical_event Clinical_event O O B-Diagnostic_procedure Diagnostic_procedure I-Diagnostic_procedure Diagnostic_procedure O O B-Lab_value Lab_value I-Lab_value Lab_value O O O O O O B-Diagnostic_procedure Diagnostic_procedure I-Diagnostic_procedure Diagnostic_procedure I-Diagnostic_procedure Diagnostic_procedure O O O O B-Diagnostic_procedure Diagnostic_procedure O O B-Lab_value Lab_value O O B-Diagnostic_procedure Diagnostic_procedure O O B-Lab_value Lab_value I-Lab_value Lab_value O O B-Diagnostic_procedure Diagnostic_procedure O O B-Lab_value Lab_value I-Lab_value Lab_value O O O O B-Diagnostic_procedure Diagnostic_procedure O O B-Lab_value Lab_value I-Lab_value Lab_value I-Lab_value Lab_value O O B-Diagnostic_procedure Diagnostic_procedure I-Diagnostic_procedure Diagnostic_procedure I-Diagnostic_procedure Diagnostic_procedure I-Diagnostic_procedure Diagnostic_procedure O O B-Lab_value Lab_value I-Lab_value Lab_value O
47,The chest X-ray showed an enlarged heart .,O O O B-Biological_structure Biological_structure B-Diagnostic_procedure Diagnostic_procedure O O O O B-Sign_symptom Sign_symptom I-Sign_symptom Sign_symptom O
48,He developed hemoptysis and was treated with unfractionated heparin in suspicion of pulmonary embolism .,O O O O O B-Sign_symptom Sign_symptom O O O O O O O O B-Detailed_description Detailed_description B-Medication Medication O O O O O O B-Biological_structure Biological_structure B-Sign_symptom Sign_symptom O
49,He subsequently developed cardiogenic shock and was treated with vasoactive drugs .,O O O O O O O B-Disease_disorder Disease_disorder I-Disease_disorder Disease_disorder O O O O O O O O B-Medication Medication I-Medication Medication O
50,In spite of the treatment he became oliguric and his liver enzymes were rising .,O O O O O O O O O O O O O O O B-Sign_symptom Sign_symptom O O O O B-Diagnostic_procedure Diagnostic_procedure I-Diagnostic_procedure Diagnostic_procedure O O B-Lab_value Lab_value O
51,He was referred to our hospital for further treatment .,O O O O O B-Clinical_event Clinical_event O O O O B-Nonbiological_location Nonbiological_location O O O O O O O
52,"On admission the blood pressure was 90/60 mmHg , despite infusion with noradrenaline .",O O O B-Clinical_event Clinical_event O O B-Diagnostic_procedure Diagnostic_procedure I-Diagnostic_procedure Diagnostic_procedure O O B-Lab_value Lab_value I-Lab_value Lab_value O O O O B-Administration Administration O O B-Medication Medication O
53,His heart rate was 130 / minute and his temperature was 38.4 °C .,O O O B-Diagnostic_procedure Diagnostic_procedure I-Diagnostic_procedure Diagnostic_procedure O O B-Lab_value Lab_value I-Lab_value Lab_value I-Lab_value Lab_value O O O O B-Diagnostic_procedure Diagnostic_procedure O O B-Lab_value Lab_value I-Lab_value Lab_value O
54,A thoracic computed tomography scan did not show pulmonary embolism .,O O O B-Biological_structure Biological_structure B-Diagnostic_procedure Diagnostic_procedure I-Diagnostic_procedure Diagnostic_procedure I-Diagnostic_procedure Diagnostic_procedure B-Sign_symptom Sign_symptom I-Sign_symptom Sign_symptom I-Sign_symptom Sign_symptom I-Sign_symptom Sign_symptom I-Sign_symptom Sign_symptom O
55,Echocardiography revealed biventricular failure and left ventricular end diastolic diameter was 7 cm .,O B-Diagnostic_procedure Diagnostic_procedure O O B-Sign_symptom Sign_symptom I-Sign_symptom Sign_symptom O O B-Diagnostic_procedure Diagnostic_procedure I-Diagnostic_procedure Diagnostic_procedure I-Diagnostic_procedure Diagnostic_procedure I-Diagnostic_procedure Diagnostic_procedure I-Diagnostic_procedure Diagnostic_procedure O O B-Distance Distance I-Distance Distance O
56,The left ventricle was severely hypokinetic with an ejection fraction ( EF ) of 20 % – 25 % .,O O O B-Biological_structure Biological_structure I-Biological_structure Biological_structure O O B-Severity Severity B-Lab_value Lab_value O O O O B-Diagnostic_procedure Diagnostic_procedure I-Diagnostic_procedure Diagnostic_procedure O O B-Diagnostic_procedure Diagnostic_procedure O O O O B-Lab_value Lab_value I-Lab_value Lab_value I-Lab_value Lab_value I-Lab_value Lab_value I-Lab_value Lab_value O
57,"The left ventricular end diastolic pressure was markedly elevated , and there was a moderate mitral regurgitation .",O O O B-Diagnostic_procedure Diagnostic_procedure I-Diagnostic_procedure Diagnostic_procedure I-Diagnostic_procedure Diagnostic_procedure I-Diagnostic_procedure Diagnostic_procedure I-Diagnostic_procedure Diagnostic_procedure O O O O B-Lab_value Lab_value O O O O O O O O O O B-Lab_value Lab_value B-Sign_symptom Sign_symptom I-Sign_symptom Sign_symptom O
58,Intermittent hemodialysis was initiated .,O B-Detailed_description Detailed_description B-Therapeutic_procedure Therapeutic_procedure O O O O O
59,"His liver function improved slightly , but despite dialysis the renal function deteriorated with increasing creatinine values .",O O O B-Diagnostic_procedure Diagnostic_procedure I-Diagnostic_procedure Diagnostic_procedure B-Lab_value Lab_value B-Severity Severity O O O O O O B-Coreference Coreference O O B-Diagnostic_procedure Diagnostic_procedure I-Diagnostic_procedure Diagnostic_procedure B-Lab_value Lab_value O O B-Lab_value Lab_value B-Diagnostic_procedure Diagnostic_procedure I-Diagnostic_procedure Diagnostic_procedure O
60,After three days there was a further worsening of the left ventricular systolic function with an ejection fraction of 10 % – 12 % and marked pulmonary hypertension with systolic pulmonary pressure estimated to 30 mmHg .,O B-Date Date I-Date Date I-Date Date O O O O O O O O B-Lab_value Lab_value O O O O B-Diagnostic_procedure Diagnostic_procedure I-Diagnostic_procedure Diagnostic_procedure I-Diagnostic_procedure Diagnostic_procedure I-Diagnostic_procedure Diagnostic_procedure O O O O B-Diagnostic_procedure Diagnostic_procedure I-Diagnostic_procedure Diagnostic_procedure O O B-Lab_value Lab_value I-Lab_value Lab_value I-Lab_value Lab_value I-Lab_value Lab_value I-Lab_value Lab_value O O O O B-Sign_symptom Sign_symptom I-Sign_symptom Sign_symptom O O B-Diagnostic_procedure Diagnostic_procedure I-Diagnostic_procedure Diagnostic_procedure I-Diagnostic_procedure Diagnostic_procedure O O O O B-Lab_value Lab_value I-Lab_value Lab_value O
61,The clinical picture resembled dilated cardiomyopathy with low output failure causing renal and liver failure .,O O O O O O O O O B-Detailed_description Detailed_description B-Disease_disorder Disease_disorder O O B-Sign_symptom Sign_symptom I-Sign_symptom Sign_symptom I-Sign_symptom Sign_symptom O O B-Biological_structure Biological_structure O O B-Biological_structure Biological_structure B-Sign_symptom Sign_symptom O
62,We suspected drug - induced cardiomyopathy and methylphenidate and quetiapine fumarate were discontinued .,O O O O O B-Detailed_description Detailed_description I-Detailed_description Detailed_description I-Detailed_description Detailed_description B-Coreference Coreference O O B-Medication Medication O O B-Medication Medication I-Medication Medication O O O O O
63,"Screening for infectious pathogens , immunological markers , and iron or amyloid deposition were all negative .",O B-Diagnostic_procedure Diagnostic_procedure I-Diagnostic_procedure Diagnostic_procedure I-Diagnostic_procedure Diagnostic_procedure I-Diagnostic_procedure Diagnostic_procedure O O B-Diagnostic_procedure Diagnostic_procedure I-Diagnostic_procedure Diagnostic_procedure O O O O B-Diagnostic_procedure Diagnostic_procedure O O B-Diagnostic_procedure Diagnostic_procedure I-Diagnostic_procedure Diagnostic_procedure O O O O B-Lab_value Lab_value O
64,"After three days he was transferred to the National Hospital ( Rikshospitalet , Oslo ) with ongoing noradrenaline and dobutamine infusions .",O B-Date Date I-Date Date I-Date Date O O O O B-Clinical_event Clinical_event O O O O B-Nonbiological_location Nonbiological_location I-Nonbiological_location Nonbiological_location I-Nonbiological_location Nonbiological_location I-Nonbiological_location Nonbiological_location I-Nonbiological_location Nonbiological_location I-Nonbiological_location Nonbiological_location I-Nonbiological_location Nonbiological_location O O O O B-Medication Medication O O B-Medication Medication B-Administration Administration O
65,Shortly after admission an intraaortic balloon pump ( IABP ) was inserted and noradrenaline was replaced by nitroprusside .,O O O O O B-Clinical_event Clinical_event O O B-Therapeutic_procedure Therapeutic_procedure I-Therapeutic_procedure Therapeutic_procedure I-Therapeutic_procedure Therapeutic_procedure O O B-Therapeutic_procedure Therapeutic_procedure O O O O O O O O B-Coreference Coreference O O O O O O B-Medication Medication O
66,Coronary angiography was normal .,O B-Diagnostic_procedure Diagnostic_procedure I-Diagnostic_procedure Diagnostic_procedure O O B-Lab_value Lab_value O
67,Endomyocardial biopsy from the right ventricle did not reveal any distinct myocardial pathology .,O B-Biological_structure Biological_structure B-Diagnostic_procedure Diagnostic_procedure O O O O B-Biological_structure Biological_structure I-Biological_structure Biological_structure O O O O O O O O O O B-Disease_disorder Disease_disorder I-Disease_disorder Disease_disorder O
68,"On treatment with IABP , nitroprusside , and dialysis , the clinical situation gradually improved and the liver function returned to normal .",O O O O O O O B-Coreference Coreference O O B-Coreference Coreference O O O O B-Therapeutic_procedure Therapeutic_procedure O O O O B-Diagnostic_procedure Diagnostic_procedure I-Diagnostic_procedure Diagnostic_procedure O O B-Lab_value Lab_value O O O O B-Diagnostic_procedure Diagnostic_procedure I-Diagnostic_procedure Diagnostic_procedure O O O O B-Lab_value Lab_value O
69,His renal function also improved with increasing diuresis and creatinine fell from 798 to 98 μmol / l .,O O O B-Diagnostic_procedure Diagnostic_procedure I-Diagnostic_procedure Diagnostic_procedure O O B-Lab_value Lab_value O O O O B-Sign_symptom Sign_symptom O O B-Diagnostic_procedure Diagnostic_procedure O O O O B-Lab_value Lab_value O O B-Lab_value Lab_value I-Lab_value Lab_value I-Lab_value Lab_value I-Lab_value Lab_value O
70,His EF was still markedly reduced ( 15 % ) .,O O O B-Diagnostic_procedure Diagnostic_procedure O O O O O O B-Lab_value Lab_value O O B-Lab_value Lab_value I-Lab_value Lab_value O O O
71,"Because of behavioral problems and adipose stature , he was denied a heart transplant .",O O O O O B-Sign_symptom Sign_symptom I-Sign_symptom Sign_symptom O O B-Sign_symptom Sign_symptom I-Sign_symptom Sign_symptom O O O O O O B-Clinical_event Clinical_event O O B-Therapeutic_procedure Therapeutic_procedure I-Therapeutic_procedure Therapeutic_procedure O
72,"He was treated with IABP for 26 days , and after 28 days he was transferred back to our hospital .",O O O O O O O O O B-Coreference Coreference O O B-Duration Duration I-Duration Duration O O O O B-Duration Duration I-Duration Duration I-Duration Duration O O O O B-Clinical_event Clinical_event O O O O B-Nonbiological_location Nonbiological_location I-Nonbiological_location Nonbiological_location O
73,At that time his liver and renal functions were normal .,O O O O O O O O O B-Diagnostic_procedure Diagnostic_procedure I-Diagnostic_procedure Diagnostic_procedure I-Diagnostic_procedure Diagnostic_procedure I-Diagnostic_procedure Diagnostic_procedure O O B-Lab_value Lab_value O
74,"He was treated with an angiotensin - converting enzyme ( ACE ) - inhibitor , a beta - blocker , and diuretics .",O O O O O O O O O O O B-Medication Medication I-Medication Medication I-Medication Medication I-Medication Medication I-Medication Medication I-Medication Medication I-Medication Medication I-Medication Medication I-Medication Medication O O O O B-Medication Medication I-Medication Medication I-Medication Medication O O O O B-Medication Medication O
75,During the following two weeks his clinical status improved and he was subsequently discharged to his home .,O O O O O O O B-Duration Duration I-Duration Duration O O B-Diagnostic_procedure Diagnostic_procedure I-Diagnostic_procedure Diagnostic_procedure B-Lab_value Lab_value O O O O O O O O B-Clinical_event Clinical_event O O B-Nonbiological_location Nonbiological_location I-Nonbiological_location Nonbiological_location O
76,The echocardiography still showed markedly dilated left ventricle with EF of 20 % .,O O O B-Diagnostic_procedure Diagnostic_procedure O O O O O O B-Lab_value Lab_value B-Biological_structure Biological_structure I-Biological_structure Biological_structure O O B-Diagnostic_procedure Diagnostic_procedure O O B-Lab_value Lab_value I-Lab_value Lab_value O
77,"In March 2007 , his clinical status was improved and he was in function class II ( New York Heart Association ) with an EF estimated by echocardiography to 30 % – 35 % .",O O O B-Date Date I-Date Date O O O O B-Diagnostic_procedure Diagnostic_procedure I-Diagnostic_procedure Diagnostic_procedure O O B-Lab_value Lab_value O O O O O O O O B-Diagnostic_procedure Diagnostic_procedure I-Diagnostic_procedure Diagnostic_procedure B-Lab_value Lab_value O O B-Detailed_description Detailed_description I-Detailed_description Detailed_description I-Detailed_description Detailed_description I-Detailed_description Detailed_description O O O O O O B-Diagnostic_procedure Diagnostic_procedure O O O O B-Diagnostic_procedure Diagnostic_procedure O O B-Lab_value Lab_value I-Lab_value Lab_value I-Lab_value Lab_value I-Lab_value Lab_value I-Lab_value Lab_value O
78,A 74 - year - old man was referred to our hospital in November 2000 because of liver dysfunction detected during a medical checkup .,O O O B-Age Age I-Age Age I-Age Age I-Age Age I-Age Age B-Sex Sex O O B-Clinical_event Clinical_event O O O O B-Nonbiological_location Nonbiological_location O O B-Date Date I-Date Date O O O O B-Sign_symptom Sign_symptom I-Sign_symptom Sign_symptom O O O O O O B-Clinical_event Clinical_event I-Clinical_event Clinical_event O
79,The patient had been diagnosed with nephrotic syndrome in 1995 .,O O O O O O O O O O O O O B-Disease_disorder Disease_disorder I-Disease_disorder Disease_disorder O O B-Date Date O
80,"Laboratory examinations showed elevated serum hepatobiliary enzymes and IgM , and the presence of antimitochondrial antibodies .",O B-Diagnostic_procedure Diagnostic_procedure I-Diagnostic_procedure Diagnostic_procedure O O B-Lab_value Lab_value B-Diagnostic_procedure Diagnostic_procedure I-Diagnostic_procedure Diagnostic_procedure I-Diagnostic_procedure Diagnostic_procedure O O B-Diagnostic_procedure Diagnostic_procedure O O O O O O B-Lab_value Lab_value O O B-Diagnostic_procedure Diagnostic_procedure I-Diagnostic_procedure Diagnostic_procedure O
81,Serologic markers for Hepatitis B and C viruses were negative .,O B-Diagnostic_procedure Diagnostic_procedure I-Diagnostic_procedure Diagnostic_procedure O O B-Diagnostic_procedure Diagnostic_procedure I-Diagnostic_procedure Diagnostic_procedure O O O O O O O O B-Lab_value Lab_value O
82,Histopathologic examination of a liver biopsy specimen obtained at laparoscopy revealed non-suppurative destructive cholangitis in the portal area ( Figure 1 ) .,O B-Diagnostic_procedure Diagnostic_procedure I-Diagnostic_procedure Diagnostic_procedure O O O O B-Biological_structure Biological_structure B-Diagnostic_procedure Diagnostic_procedure I-Diagnostic_procedure Diagnostic_procedure O O O O B-Therapeutic_procedure Therapeutic_procedure O O B-Detailed_description Detailed_description I-Detailed_description Detailed_description B-Disease_disorder Disease_disorder O O O O B-Biological_structure Biological_structure I-Biological_structure Biological_structure O O O O O O O O O
83,"The diagnosis of PBC ( Scheuer stage 3 ) was confirmed and ursodeoxycholic acid , 900 mg daily , was started .",O O O O O O O B-Disease_disorder Disease_disorder O O B-Disease_disorder Disease_disorder I-Disease_disorder Disease_disorder I-Disease_disorder Disease_disorder O O O O O O O O B-Medication Medication I-Medication Medication O O B-Dosage Dosage I-Dosage Dosage B-Frequency Frequency O O O O O O O
84,"In January and June 2002 , the patient underwent endoscopic variceal ligation plus endoscopic injection sclerotherapy as well as argon plasma coagulation for worsening esophageal varices .",O O O B-Date Date I-Date Date I-Date Date I-Date Date O O O O O O O O B-Therapeutic_procedure Therapeutic_procedure I-Therapeutic_procedure Therapeutic_procedure I-Therapeutic_procedure Therapeutic_procedure O O B-Therapeutic_procedure Therapeutic_procedure I-Therapeutic_procedure Therapeutic_procedure I-Therapeutic_procedure Therapeutic_procedure O O O O O O B-Therapeutic_procedure Therapeutic_procedure I-Therapeutic_procedure Therapeutic_procedure I-Therapeutic_procedure Therapeutic_procedure O O B-Severity Severity B-Sign_symptom Sign_symptom I-Sign_symptom Sign_symptom O
85,"In September 2007 , the patient was admitted for the treatment of recurrent esophageal varices .",O O O B-Date Date I-Date Date O O O O O O O O B-Clinical_event Clinical_event O O O O O O O O B-Severity Severity B-Sign_symptom Sign_symptom I-Sign_symptom Sign_symptom O
86,"The platelet count had ranged between 52 × 109 / L and 69 × 109 / L for several years , but it was noted to decrease from 61 × 109 / L in June 2007 to 8 × 109 / L just before admission .",O O O B-Diagnostic_procedure Diagnostic_procedure I-Diagnostic_procedure Diagnostic_procedure O O O O O O B-Lab_value Lab_value I-Lab_value Lab_value I-Lab_value Lab_value I-Lab_value Lab_value I-Lab_value Lab_value O O B-Lab_value Lab_value I-Lab_value Lab_value I-Lab_value Lab_value I-Lab_value Lab_value I-Lab_value Lab_value O O B-Duration Duration I-Duration Duration O O O O B-Coreference Coreference O O O O O O B-Lab_value Lab_value O O B-Lab_value Lab_value I-Lab_value Lab_value I-Lab_value Lab_value I-Lab_value Lab_value I-Lab_value Lab_value O O B-Date Date I-Date Date O O B-Lab_value Lab_value I-Lab_value Lab_value I-Lab_value Lab_value I-Lab_value Lab_value I-Lab_value Lab_value B-Date Date I-Date Date I-Date Date O
87,"Before the deterioration of thrombocytopenia , the patient had no infectious diseases and received no other medication .",O O O O O B-Detailed_description Detailed_description O O B-Sign_symptom Sign_symptom O O O O O O O O O O B-Disease_disorder Disease_disorder I-Disease_disorder Disease_disorder O O O O O O O O B-Medication Medication O
88,"On admission , the patient had neither purpura nor bleeding episodes .",O O O B-Date Date O O O O O O O O O O B-Sign_symptom Sign_symptom O O B-Sign_symptom Sign_symptom I-Sign_symptom Sign_symptom O
89,Table 1 shows the laboratory data on admission .,O O O O O O O O O O O O O O O O O O
90,The platelet - associated IgG level was markedly high .,O O O B-Diagnostic_procedure Diagnostic_procedure I-Diagnostic_procedure Diagnostic_procedure I-Diagnostic_procedure Diagnostic_procedure I-Diagnostic_procedure Diagnostic_procedure I-Diagnostic_procedure Diagnostic_procedure O O B-Detailed_description Detailed_description B-Lab_value Lab_value O
91,Bone marrow biopsy revealed normocellular marrow without cellular atypia .,O B-Biological_structure Biological_structure I-Biological_structure Biological_structure B-Diagnostic_procedure Diagnostic_procedure O O B-Sign_symptom Sign_symptom I-Sign_symptom Sign_symptom O O B-Sign_symptom Sign_symptom I-Sign_symptom Sign_symptom O
92,"Ultrasonography and magnetic resonance imaging revealed a cirrhotic liver with splenomegaly , ascites , and gallstones .",O B-Diagnostic_procedure Diagnostic_procedure O O B-Diagnostic_procedure Diagnostic_procedure I-Diagnostic_procedure Diagnostic_procedure I-Diagnostic_procedure Diagnostic_procedure O O O O B-Sign_symptom Sign_symptom B-Biological_structure Biological_structure O O B-Sign_symptom Sign_symptom O O B-Sign_symptom Sign_symptom O O O O B-Sign_symptom Sign_symptom O
93,The spleen size had remained unchanged from previous imaging examinations .,O O O B-Diagnostic_procedure Diagnostic_procedure I-Diagnostic_procedure Diagnostic_procedure O O O O B-Lab_value Lab_value O O B-Detailed_description Detailed_description B-Diagnostic_procedure Diagnostic_procedure I-Diagnostic_procedure Diagnostic_procedure O
94,"Based on these findings , the association of PBC ( decompensated liver cirrhosis ) with ITP was diagnosed .",O O O O O O O O O O O O O O O O O B-Disease_disorder Disease_disorder O O B-Disease_disorder Disease_disorder I-Disease_disorder Disease_disorder I-Disease_disorder Disease_disorder O O O O B-Disease_disorder Disease_disorder O O O O O
95,"Human leukocyte antigen ( HLA ) genotyping determined by polymerase chain reaction - sequencing - based typing or polymerase chain reaction - sequence specific primers ( SRL , Inc. , Tokyo , Japan ) detected A * 02010101 , B * 400201 , C * 030401 , C * 07020101 , DPB1 * 0501 , DQA1 * 0103 , DQA1 * 030101 , DQB1 * 030201 , DQB1 * 060101 , DRB1 * 080201 , and DRB1 * 080302 .",O B-Diagnostic_procedure Diagnostic_procedure I-Diagnostic_procedure Diagnostic_procedure I-Diagnostic_procedure Diagnostic_procedure I-Diagnostic_procedure Diagnostic_procedure I-Diagnostic_procedure Diagnostic_procedure I-Diagnostic_procedure Diagnostic_procedure I-Diagnostic_procedure Diagnostic_procedure O O O O B-Diagnostic_procedure Diagnostic_procedure I-Diagnostic_procedure Diagnostic_procedure I-Diagnostic_procedure Diagnostic_procedure I-Diagnostic_procedure Diagnostic_procedure I-Diagnostic_procedure Diagnostic_procedure I-Diagnostic_procedure Diagnostic_procedure I-Diagnostic_procedure Diagnostic_procedure I-Diagnostic_procedure Diagnostic_procedure O O B-Diagnostic_procedure Diagnostic_procedure I-Diagnostic_procedure Diagnostic_procedure I-Diagnostic_procedure Diagnostic_procedure I-Diagnostic_procedure Diagnostic_procedure I-Diagnostic_procedure Diagnostic_procedure I-Diagnostic_procedure Diagnostic_procedure I-Diagnostic_procedure Diagnostic_procedure O O O O O O O O O O O O O O O O O O O O B-Sign_symptom Sign_symptom I-Sign_symptom Sign_symptom I-Sign_symptom Sign_symptom O O B-Sign_symptom Sign_symptom I-Sign_symptom Sign_symptom I-Sign_symptom Sign_symptom O O B-Sign_symptom Sign_symptom I-Sign_symptom Sign_symptom I-Sign_symptom Sign_symptom O O B-Sign_symptom Sign_symptom I-Sign_symptom Sign_symptom I-Sign_symptom Sign_symptom O O B-Sign_symptom Sign_symptom I-Sign_symptom Sign_symptom I-Sign_symptom Sign_symptom O O B-Sign_symptom Sign_symptom I-Sign_symptom Sign_symptom I-Sign_symptom Sign_symptom O O B-Sign_symptom Sign_symptom I-Sign_symptom Sign_symptom I-Sign_symptom Sign_symptom O O B-Sign_symptom Sign_symptom I-Sign_symptom Sign_symptom I-Sign_symptom Sign_symptom O O B-Sign_symptom Sign_symptom I-Sign_symptom Sign_symptom I-Sign_symptom Sign_symptom O O B-Sign_symptom Sign_symptom I-Sign_symptom Sign_symptom I-Sign_symptom Sign_symptom O O O O B-Sign_symptom Sign_symptom I-Sign_symptom Sign_symptom I-Sign_symptom Sign_symptom O
96,The 13C urea breath test for H pylori infection was negative .,O O O B-Diagnostic_procedure Diagnostic_procedure I-Diagnostic_procedure Diagnostic_procedure I-Diagnostic_procedure Diagnostic_procedure I-Diagnostic_procedure Diagnostic_procedure O O B-Diagnostic_procedure Diagnostic_procedure I-Diagnostic_procedure Diagnostic_procedure I-Diagnostic_procedure Diagnostic_procedure O O B-Lab_value Lab_value O
97,Figure 2 shows the clinical course .,O O O O O O O O O O O O O O
98,"Oral prednisolone , 30 mg daily , for ITP was started on day 11 , and diuretic therapy combined with albumin infusion for ascites was performed .",O B-Administration Administration B-Medication Medication O O B-Dosage Dosage I-Dosage Dosage B-Frequency Frequency O O O O B-Coreference Coreference O O O O O O B-Date Date I-Date Date O O O O B-Medication Medication I-Medication Medication O O O O B-Medication Medication I-Medication Medication O O B-Sign_symptom Sign_symptom O O O O O
99,"As the platelet count did not increase notably , pulse therapy with intravenous methylprednisolone , 1 g daily , was added on d 22 to 24 .",O O O O O B-Diagnostic_procedure Diagnostic_procedure I-Diagnostic_procedure Diagnostic_procedure B-Lab_value Lab_value I-Lab_value Lab_value I-Lab_value Lab_value I-Lab_value Lab_value O O B-Medication Medication I-Medication Medication O O B-Administration Administration B-Medication Medication O O B-Dosage Dosage I-Dosage Dosage B-Frequency Frequency O O O O O O O O B-Duration Duration I-Duration Duration I-Duration Duration I-Duration Duration O
100,"However , the response was weak and temporary .",O O O O O O O B-Coreference Coreference O O B-Lab_value Lab_value O O B-Detailed_description Detailed_description O
101,"On d 31 , mild melena was identified .",O O O B-Date Date I-Date Date O O B-Severity Severity B-Sign_symptom Sign_symptom O O O O O
102,"The patient was given a trial of intravenous immune gamma globulin therapy , 25 g daily , on d 32 to 36 , combined with a second round of intravenous methylprednisolone pulse therapy on d 32 to 34 .",O O O O O O O O O O O B-Detailed_description Detailed_description O O B-Administration Administration B-Medication Medication I-Medication Medication I-Medication Medication I-Medication Medication O O B-Dosage Dosage I-Dosage Dosage B-Frequency Frequency O O O O B-Duration Duration I-Duration Duration I-Duration Duration I-Duration Duration O O O O O O O O B-Detailed_description Detailed_description I-Detailed_description Detailed_description O O B-Administration Administration B-Medication Medication I-Medication Medication I-Medication Medication O O B-Duration Duration I-Duration Duration I-Duration Duration I-Duration Duration O
103,"Because a moderate response was observed , prednisolone was continued , and the platelet count increased slowly .",O O O O O B-Lab_value Lab_value B-Coreference Coreference O O O O O O B-Medication Medication O O B-Clinical_event Clinical_event O O O O O O B-Diagnostic_procedure Diagnostic_procedure I-Diagnostic_procedure Diagnostic_procedure B-Lab_value Lab_value I-Lab_value Lab_value O
104,The ascites was relatively well controlled with diuretics at discharge .,O O O B-Sign_symptom Sign_symptom I-Sign_symptom Sign_symptom I-Sign_symptom Sign_symptom I-Sign_symptom Sign_symptom I-Sign_symptom Sign_symptom O O B-Medication Medication O O B-Clinical_event Clinical_event O
105,"Considering the decompensated liver cirrhosis and the platelet count , we determined the patient required careful follow - up of esophageal varices without prophylactic endoscopic therapy .",O O O O O B-Disease_disorder Disease_disorder I-Disease_disorder Disease_disorder I-Disease_disorder Disease_disorder O O O O B-Diagnostic_procedure Diagnostic_procedure I-Diagnostic_procedure Diagnostic_procedure O O O O O O O O O O O O O O B-Clinical_event Clinical_event I-Clinical_event Clinical_event I-Clinical_event Clinical_event O O B-Sign_symptom Sign_symptom I-Sign_symptom Sign_symptom O O B-Therapeutic_procedure Therapeutic_procedure I-Therapeutic_procedure Therapeutic_procedure I-Therapeutic_procedure Therapeutic_procedure O
